Nombre;Apellido;NIF;Direccion;C.P;Pais;Teléfono;Correo;
Andrea;Gonzales;25647H-Y;"Madrid, Calle Rousseau Ave.23";28670;España;65456775;admi34@gmail.com;
Ana;Fernandez;25557H-Z;"Madrid,Calle Gustavo Perez C/23";50001;España;64327474;juenakd@yahoo.com;
Alison;Moreno;25623P-W;"Madrid,Calle Via Argentina Puerta 32";28670;España;66525347;Anadmia@hotmail.com;
Astrid;Recalde;23447H-Y;"Chiriquí, Calle via España Puerta 323";1000;Panamá;64432323;Astrgod@outook.com;
Ana;Eldis;32334I2-Y;"New York,Calle Tiago Edificio Golden Pt 34";4322;Estados Unidos;60434343;Arthusale@gmail.com;
Alejandro;Santiago;32342U-Y;"Zaragoza, Calle St. Will Piso 3, Puerta 4";50001;España;60003024;Alendrocasd@gmail.com;
Alfonso;Pérez;66647H-Z;"Bogotá, Calle Filippinas Piso 5 CasaB";2343;Colombia;60453534;Alfonsonae@hotmail.com;
Ana;Ogilvie;16647H-Z;"Barcelona, Calle Costa Azul Casa 45A";50001;España;67940243;Brandonie234@hotmail.com;
Fiona;Castillo;88647L-Y;"Mexico DF,Calle Tajo con Miño Casa 5T";69900;Mexico;69285937;CastFionisa@hotmail.com;
George;Pérez;87647H-Y;"Noruega, Calle Booleano Edificio N32";65002;Noruega;69295928;PerezaGeog@gmail.com;
Ian;Varela;76647G-W;"Madrid, Calle St. George Edificio W";28670;España;60394928;VerIanld@hotmail.com;
Jorge;Linares;55647K-Y;"Berlin, Calle H. Cooper Casa 34";50004;Alemania;66392039;LinarJorge@yahoo.com;
Laura;Riera;16647H-Z;"Quito, Calle Torrejon H. Casa 4N";45000;Ecuador;66928492;Linaries432@gmail.com;
Lina;Martínez;20247O-W;"Mostoles, Calle San Francisco Edificio W";28670;España;66857344;Marineline89@hotmail.com;
Liam;Payne;05647H-Z;"Rio de Janeiro, Calle George N. Edificio N34";49390;Brazil;66930583;Liampa65@outook.com;
adilem;dobras;gdmsmd;Panama;1000;Panama;653434;adobrasca@gmail.com;
